{"cameraMode":{"drawMode":0,"name":"Shaded","section":"Shading Mode"},"sceneLighting":true,"audioPlay":false,"sceneViewState":{"m_AlwaysRefresh":false,"showFog":true,"showSkybox":true,"showFlares":true,"showImageEffects":true,"showParticleSystems":true,"showVisualEffectGraphs":true,"m_FxEnabled":true},"in2DMode":false,"pivot":{"x":0.9702394008636475,"y":2.9863739013671877,"z":3.9944281578063967},"rotation":{"x":0.6367207169532776,"y":-0.031211305409669877,"z":0.02579287253320217,"w":0.7700579762458801},"size":6.724596977233887,"orthographic":true}